﻿<?xml version="1.0" encoding="utf-8" ?>
<c2eventsheet>
    <!--All the 'name' attributes are ignored by Construct 2 - they are there for readability only.-->
    <name>Event menu</name>
    <events>
        <event-block sid="963195680909354">
            <conditions>
                <condition id="3" name="On touched object" sid="231596287033349" type="Touch">
                    <param id="0" name="Object">bgplay</param>
                </condition>
            </conditions>
            <actions>
                <action id="-25" name="Go to layout (by name)" sid="698390883228516" type="System">
                    <param id="0" name="Layout">&quot;level1&quot;</param>
                </action>
            </actions>
        </event-block>
    </events>
</c2eventsheet>
