﻿<?xml version="1.0" encoding="utf-8" ?>
<c2eventsheet>
    <!--All the 'name' attributes are ignored by Construct 2 - they are there for readability only.-->
    <name>Event level1</name>
    <events>
        <variable constant="0" name="count" sid="931360934102500" static="0" type="number">0</variable>
        <variable constant="0" name="startY" sid="602395194016799" static="0" type="number">0</variable>
        <variable constant="0" name="startX" sid="195338923095244" static="0" type="number">0</variable>
        <event-block sid="208330171807756">
            <conditions>
                <condition id="-11" name="For Each" sid="894173404721882" type="System">
                    <param id="0" name="Object">hewan</param>
                </condition>
                <condition id="-8" inverted="1" name="Is boolean instance variable set" sid="452594426741235" type="Sprite">
                    <param id="0" name="Instance variable">use</param>
                </condition>
                <condition id="-16" name="Pick random instance" sid="124804006784984" type="System">
                    <param id="0" name="Object">Sprite</param>
                </condition>
            </conditions>
            <actions>
                <action id="-4" name="Set position to another object" sid="922119238299083" type="hewan">
                    <param id="0" name="Object">Sprite</param>
                    <param id="1" name="Image point (optional)">0</param>
                </action>
                <action id="-13" name="Set boolean" sid="678242687521277" type="Sprite">
                    <param id="0" name="Instance variable">use</param>
                    <param id="1" name="Value">1</param>
                </action>
            </actions>
        </event-block>
        <event-block sid="657675669188973">
            <conditions>
                <condition behavior="DragDrop" id="1" name="On drag start" sid="182746289543745" type="hewan" />
            </conditions>
            <actions>
                <action id="-9" name="Set value" sid="618962411660138" type="System">
                    <param id="0" name="Variable">startX</param>
                    <param id="1" name="Value">hewan.X</param>
                </action>
                <action id="-9" name="Set value" sid="996823868807777" type="System">
                    <param id="0" name="Variable">startY</param>
                    <param id="1" name="Value">hewan.Y</param>
                </action>
                <action id="-24" name="Move to top" sid="433604890876201" type="hewan" />
            </actions>
        </event-block>
        <event-block sid="530767933862994">
            <conditions>
                <condition behavior="DragDrop" id="2" name="On drop" sid="123132090892756" type="hewan" />
            </conditions>
            <actions />
            <sub-events>
                <event-block sid="128947110199828">
                    <conditions>
                        <condition id="1" name="Is overlapping another object" sid="629461953955023" type="hewan">
                            <param id="0" name="Object">bayangan</param>
                        </condition>
                        <condition id="-7" name="Compare instance variable" sid="488754016916414" type="hewan">
                            <param id="0" name="Instance variable">check</param>
                            <param id="1" name="Comparison">0</param>
                            <param id="2" name="Value">bayangan.check</param>
                        </condition>
                    </conditions>
                    <actions>
                        <action id="-4" name="Set position to another object" sid="810511763753038" type="hewan">
                            <param id="0" name="Object">bayangan</param>
                            <param id="1" name="Image point (optional)">0</param>
                        </action>
                        <action behavior="DragDrop" id="0" name="Set enabled" sid="536562285807546" type="hewan">
                            <param id="0" name="State">0</param>
                        </action>
                        <action id="0" name="Spawn another object" sid="833028228433991" type="hewan">
                            <param id="0" name="Object">Particles</param>
                            <param id="1" name="Layer">0</param>
                            <param id="2" name="Image point">0</param>
                        </action>
                        <action id="-11" name="Subtract from" sid="714712551121595" type="System">
                            <param id="0" name="Variable">count</param>
                            <param id="1" name="Value">1</param>
                        </action>
                    </actions>
                </event-block>
                <event-block sid="960178115121565">
                    <conditions>
                        <condition id="-22" name="Else" sid="835629007231843" type="System" />
                    </conditions>
                    <actions>
                        <action id="-3" name="Set position" sid="734256079952505" type="hewan">
                            <param id="0" name="X">startX</param>
                            <param id="1" name="Y">startY</param>
                        </action>
                    </actions>
                </event-block>
            </sub-events>
        </event-block>
        <event-block sid="843134512401732">
            <conditions>
                <condition id="-2" name="On start of layout" sid="707605794571884" type="System" />
            </conditions>
            <actions>
                <action id="-9" name="Set value" sid="285950887987187" type="System">
                    <param id="0" name="Variable">count</param>
                    <param id="1" name="Value">hewan.Count</param>
                </action>
                <action id="-4" name="Set layer visible" sid="214437410570772" type="System">
                    <param id="0" name="Layer">1</param>
                    <param id="1" name="Visibility">0</param>
                </action>
            </actions>
        </event-block>
        <event-block sid="752088908949056">
            <conditions>
                <condition id="-14" name="Compare variable" sid="359580278902591" type="System">
                    <param id="0" name="Variable">count</param>
                    <param id="1" name="Comparison">0</param>
                    <param id="2" name="Value">0</param>
                </condition>
                <condition id="-4" name="Trigger once while true" sid="236846625181510" type="System" />
            </conditions>
            <actions>
                <action id="0" name="Spawn another object" sid="410319211407117" type="goodjob">
                    <param id="0" name="Object">Particles</param>
                    <param id="1" name="Layer">1</param>
                    <param id="2" name="Image point">0</param>
                </action>
                <action id="-4" name="Set layer visible" sid="533542679564705" type="System">
                    <param id="0" name="Layer">1</param>
                    <param id="1" name="Visibility">1</param>
                </action>
                <action id="-3" name="Set position" sid="364814895932177" type="next">
                    <param id="0" name="X">956</param>
                    <param id="1" name="Y">757</param>
                </action>
            </actions>
        </event-block>
        <event-block sid="624836120861496">
            <conditions>
                <condition id="3" name="On touched object" sid="112733364533680" type="Touch">
                    <param id="0" name="Object">next</param>
                </condition>
            </conditions>
            <actions>
                <action id="-43" name="Go to next/previous layout" sid="671523349848397" type="System">
                    <param id="0" name="Which">0</param>
                </action>
            </actions>
        </event-block>
    </events>
</c2eventsheet>
